Title,Employer,Location,Salary,Link
Consultant Obstetrician & Gynaecologist,Guy's and St Thomas' NHS Foundation Trust,,,https://www.jobs.nhs.uk/candidate/jobadvert/C9196-24-1944?keyword=gynaecologist&skipPhraseSuggester=true&payBand=CONSULTANT&language=&page=1
Consultant Obstetrician & Gynaecologist,Imperial College Healthcare NHS Trust,,,https://www.jobs.nhs.uk/candidate/jobadvert/C9290-24-1445?keyword=gynaecologist&skipPhraseSuggester=true&payBand=CONSULTANT&language=&page=1
Consultant Obstetrician and Gynaecologist,Torbay and South Devon NHS Foundation Trust,,,https://www.jobs.nhs.uk/candidate/jobadvert/C9388-24-0933?keyword=gynaecologist&skipPhraseSuggester=true&payBand=CONSULTANT&language=&page=1
Fellowship-trained Consultant Gynaecologist,One Health Group,,,https://www.jobs.nhs.uk/candidate/jobadvert/B0103-24-0013?keyword=gynaecologist&skipPhraseSuggester=true&payBand=CONSULTANT&language=&page=1
Consultant Obstetrician and Gynaecologist,Blackpool Teaching Hospitals NHS Foundation Trust,,,https://www.jobs.nhs.uk/candidate/jobadvert/C9382-24-0877?keyword=gynaecologist&skipPhraseSuggester=true&payBand=CONSULTANT&language=&page=1
Locum Consultant Obstetrician & Gynaecologist,University Hospital of North Midlands NHS Trust,,,https://www.jobs.nhs.uk/candidate/jobadvert/C9205-24-1194?keyword=gynaecologist&skipPhraseSuggester=true&payBand=CONSULTANT&language=&page=1
Consultant Obstetrician and Gynaecologist,"Barking, Havering and Redbridge University Hospitals NHS Trust",,,https://www.jobs.nhs.uk/candidate/jobadvert/C9162-24-0723?keyword=gynaecologist&skipPhraseSuggester=true&payBand=CONSULTANT&language=&page=1
Consultant Obstetrician & Gynaecologist - FGH,University Hospitals of Morecambe Bay NHS Trust,,,https://www.jobs.nhs.uk/candidate/jobadvert/C9331-24-0725?keyword=gynaecologist&skipPhraseSuggester=true&payBand=CONSULTANT&language=&page=1
Locum Consultant Obstetrician and Gynaecologist,Whittington Hospital NHS Trust,,,https://www.jobs.nhs.uk/candidate/jobadvert/C9220-24-0707?keyword=gynaecologist&skipPhraseSuggester=true&payBand=CONSULTANT&language=&page=1
Locum Consultant Obstetrician & Gynaecologist with Endometriosis,University Hospital of North Midlands NHS Trust,,,https://www.jobs.nhs.uk/candidate/jobadvert/C9205-24-1196?keyword=gynaecologist&skipPhraseSuggester=true&payBand=CONSULTANT&language=&page=1
Consultant Obstetrician and Gynaecologist in Endometriosis,University Hospital of North Midlands NHS Trust,,,https://www.jobs.nhs.uk/candidate/jobadvert/C9205-24-1218?keyword=gynaecologist&skipPhraseSuggester=true&payBand=CONSULTANT&language=&page=2
Consultant Obstetrician & Gynaecologist-Interest in Fetal Medicine,Maidstone and Tunbridge Wells NHS Trust,,,https://www.jobs.nhs.uk/candidate/jobadvert/C9359-24-0848?keyword=gynaecologist&skipPhraseSuggester=true&payBand=CONSULTANT&language=&page=2
Consultant Obstetrician with special interest in Diabetes,Mid and South Essex NHS Foundation Trust,,,https://www.jobs.nhs.uk/candidate/jobadvert/C9390-24-1040?keyword=gynaecologist&skipPhraseSuggester=true&payBand=CONSULTANT&language=&page=2
Consultant Obstetrics and Gynaecology,James Paget University Hospitals NHS Foundation Trust,,,https://www.jobs.nhs.uk/candidate/jobadvert/C9177-24-0317?keyword=gynaecologist&skipPhraseSuggester=true&payBand=CONSULTANT&language=&page=2
Consultant in Gynaecology and Obstetrics 80:20,Oxford University Hospitals NHS Foundation Trust,,,https://www.jobs.nhs.uk/candidate/jobadvert/C9321-24-1770?keyword=gynaecologist&skipPhraseSuggester=true&payBand=CONSULTANT&language=&page=2
Consultant in Gynaecological Oncology,Betsi Cadwaladr University Health Board,,,https://www.jobs.nhs.uk/candidate/jobadvert/H9050-24-2058?keyword=gynaecologist&skipPhraseSuggester=true&payBand=CONSULTANT&language=&page=2
Consultant in Obstetrics & Gynaecology,East Lancashire Hospitals NHS Trust,,,https://www.jobs.nhs.uk/candidate/jobadvert/C9435-24-0474?keyword=gynaecologist&skipPhraseSuggester=true&payBand=CONSULTANT&language=&page=2
Consultant in Obstetrics & Gynaecology (RAC and colposcopy),East Kent Hospitals University NHS Foundation Trust,,,https://www.jobs.nhs.uk/candidate/jobadvert/C9344-24-1006?keyword=gynaecologist&skipPhraseSuggester=true&payBand=CONSULTANT&language=&page=2
Consultant Obstetrician with a Special Interest in Fetal Medicine,Somerset NHS Foundation Trust,,,https://www.jobs.nhs.uk/candidate/jobadvert/C9184-24-1347?keyword=gynaecologist&skipPhraseSuggester=true&payBand=CONSULTANT&language=&page=2
Consultant in Gynaecology,University Hospitals Bristol and Weston NHS Foundation Trust (UHBW),,,https://www.jobs.nhs.uk/candidate/jobadvert/C9387-24-1642?keyword=gynaecologist&skipPhraseSuggester=true&payBand=CONSULTANT&language=&page=2
Consultant in Obstetrics & Gynaecology (High Risk Obstetrics),East Kent Hospitals University NHS Foundation Trust,,,https://www.jobs.nhs.uk/candidate/jobadvert/C9344-24-1000?keyword=gynaecologist&skipPhraseSuggester=true&payBand=CONSULTANT&language=&page=3
Locum Consultant Gynae Oncologist,Mid and South Essex NHS Foundation Trust,,,https://www.jobs.nhs.uk/candidate/jobadvert/C9390-24-1171?keyword=gynaecologist&skipPhraseSuggester=true&payBand=CONSULTANT&language=&page=3
